{"cameraMode":{"drawMode":0,"name":"Shaded","section":"Shading Mode"},"sceneLighting":true,"audioPlay":false,"sceneViewState":{"showFog":true,"showMaterialUpdate":false,"showSkybox":false,"showFlares":true,"showImageEffects":true,"showParticleSystems":true},"in2DMode":false,"pivot":{"x":45.1523323059082,"y":-35.95510482788086,"z":-58.785213470458987},"rotation":{"x":0.45202532410621645,"y":0.48942500352859499,"z":-0.3308010995388031,"w":0.6688978672027588},"size":2.4426558017730715,"orthographic":false}