{"cameraMode":{"drawMode":0,"name":"Shaded","section":"Shading Mode"},"sceneLighting":false,"audioPlay":false,"sceneViewState":{"showFog":true,"showMaterialUpdate":false,"showSkybox":true,"showFlares":true,"showImageEffects":true,"showParticleSystems":true},"in2DMode":false,"pivot":{"x":16.700035095214845,"y":-13.573902130126954,"z":-26.317747116088868},"rotation":{"x":-0.02113003470003605,"y":-0.9134411811828613,"z":0.4049009382724762,"w":-0.04466382414102554},"size":64.09002685546875,"orthographic":false}